label,ct_1,ct_2,ct_3,ct_4,dm4,re4,rx4,dm3,re3,rx3,dm2,re2,rx2,dm1,re1,rx1,raw_prob,order
1,0.52947669,0.68911725,0.7848651999999999,0.9896628000000001,0.79972714,0.8816326999999999,0.89884,0.6820487,0.9256583,0.96492153,0.83040506,0.96525186,0.9728388000000001,0.96999747,0.92908096,0.9564129000000001,0.61983573,237
1,0.586518538,0.38811862,0.9070344000000001,0.9615190999999998,0.7668121999999999,0.85598344,0.87714106,0.7135833,0.9354511999999999,0.9558935,0.7206199000000001,0.93215644,0.93014836,0.98092926,0.94039136,0.9423234,0.55970544,233
0,0.336461735,0.08806872,0.4387903,0.43429929999999994,0.53045315,0.69449687,0.72711354,0.48693958,0.8631608000000001,0.9030590000000001,0.5873282,0.8920998,0.88602525,0.96532583,0.9030261999999999,0.9152134,0.5176492,228
1,0.462906015,0.18783905,0.5933331000000001,0.6660505,0.61610055,0.7500343,0.793231,0.5450267,0.89186233,0.9296278,0.6301861,0.90000343,0.9085609,0.9640733,0.89968055,0.934082,0.6541708,231
1,0.4346434,0.14413483,0.7581445,0.40815434,0.5504278,0.68448496,0.7270671999999999,0.6598416,0.92592937,0.9552130999999999,0.6282613,0.90868133,0.9090415000000001,0.971684,0.9149393,0.94215333,0.571896,229
1,0.75326502,0.67943066,0.8276027,0.72746426,0.6923408000000001,0.8159784000000001,0.83104205,0.6886335,0.94098043,0.95690084,0.8346652,0.9754860999999999,0.9690211,0.9877862,0.960664,0.9680189,0.6136931,227
1,0.548023361,0.18139493,0.54100686,0.46676806,0.5582689000000001,0.7090221,0.74900943,0.5320435,0.8872825000000001,0.9238438,0.635943,0.90947163,0.9236021000000001,0.9785593,0.9302546,0.94393367,0.5607218,223
1,0.503808543,0.50115633,0.66072017,0.47068113,0.567199,0.70581615,0.75888455,0.6038531,0.9040662,0.9442912,0.7766801999999999,0.9555486999999999,0.951311,0.9810620000000001,0.9295866,0.9419184000000002,0.5624833,273
1,0.484544319,0.04782892,0.17983572,0.71833956,0.6834571,0.8120965,0.8349380999999999,0.36959654,0.80105776,0.8662293,0.5890248,0.9149951,0.9126708,0.97384465,0.9313715,0.94845045,0.6230640000000001,271
0,0.39246486700000005,0.15497099,0.53293526,0.7135935999999999,0.6817807,0.79190016,0.83082426,0.5429388,0.88866186,0.9283083000000001,0.63575536,0.92469996,0.9193196,0.9736118,0.91217595,0.92673594,0.60434,270
1,0.589704496,0.20729274,0.8677863000000001,0.7433881999999999,0.64849055,0.7892296,0.7910925999999999,0.5857022,0.8946039000000001,0.9302060999999999,0.5721592,0.8446943000000001,0.87556136,0.97482955,0.91802084,0.93769056,0.5093782,268
1,0.466094014,0.25996724,0.24939445,0.9296344999999999,0.77018297,0.8603715000000001,0.88140833,0.3957156,0.83261377,0.8926775,0.68040633,0.9241132,0.92979527,0.97473246,0.92591923,0.9381687,0.65968484,262
1,0.39768050299999996,0.311183,0.7209035,0.5255761,0.5632716999999999,0.7143894000000001,0.7577444000000001,0.6151038000000001,0.9224629999999999,0.9375587,0.69559246,0.9358635000000001,0.9257853000000001,0.965443,0.9125348,0.9223531999999999,0.5773362,274
0,0.39589379700000005,0.08702787,0.1863645,0.45353812,0.5726880999999999,0.71866935,0.7288383,0.37927312,0.79950523,0.86718404,0.60486573,0.9108555,0.90194935,0.9730209000000001,0.91511387,0.93078846,0.49248037,255
1,0.513362986,0.48958537,0.50525856,0.7686193,0.6819013,0.8117783000000001,0.8466678,0.5151101,0.8897556999999999,0.9181419,0.76456654,0.956219,0.9525178,0.97114784,0.9240132999999999,0.94120204,0.61650443,252
1,0.49455267799999997,0.51989007,0.6133960999999999,0.7409665,0.6739123,0.7777928000000001,0.8294437,0.5647024,0.8928891,0.91864634,0.78914404,0.9504341000000001,0.9483298000000001,0.97580487,0.9132957,0.9346530999999999,0.4687303,249
1,0.461024097,0.32011542,0.55772036,0.8453537,0.7309854,0.8280016,0.86886597,0.5686311,0.8866376,0.9296645,0.7051202,0.9282879999999999,0.9295778,0.97313064,0.9068139000000001,0.9432296,0.5809774999999999,221
1,0.34632345299999995,0.10090561,0.2853481,0.6741793,0.65096843,0.79704314,0.8170606,0.4173388,0.8113421999999999,0.8810829,0.60519725,0.90426934,0.9002931000000001,0.9732363000000002,0.88463956,0.9257109,0.5646808000000001,272
1,0.46579465,0.36711287,0.7216562,0.45722926,0.54188657,0.67529184,0.73854643,0.6294475,0.91223943,0.9414889000000001,0.72852796,0.9264144,0.94441557,0.97349167,0.90341896,0.94147015,0.5998959,244
1,0.351104057,0.18102655,0.25584224,0.62355673,0.6559322,0.79248565,0.8052474000000001,0.42245,0.8385344000000001,0.89780504,0.6605897,0.9337184000000001,0.9321072,0.9735693000000001,0.9183726000000001,0.9361389000000001,0.60976017,245
1,0.334558943,0.11516374,0.41633385,0.6248701,0.61270213,0.74307805,0.78749895,0.45544463,0.8221446,0.8716238000000002,0.6068209,0.87508285,0.89031035,0.96601725,0.8731359000000001,0.91377014,0.5598123,246
1,0.49335823700000003,0.11947831,0.84062046,0.89717686,0.7038977,0.7999036,0.8614523000000001,0.6214583,0.8924498,0.93450767,0.54115534,0.85539806,0.86638767,0.9698860999999999,0.8829939,0.9276235999999999,0.52819115,247
1,0.531193817,0.5916116,0.71810406,0.77714044,0.7038466999999999,0.82039535,0.84394914,0.64346147,0.9132368000000001,0.93892854,0.8072511,0.9520711,0.9561329,0.9769582,0.92648464,0.9472938,0.64490765,248
1,0.484718117,0.17820166,0.6096315999999999,0.8475553,0.7491278,0.84623235,0.8572218,0.5912255999999999,0.90224594,0.93626255,0.6563826,0.92309415,0.9224439,0.9799714,0.92711544,0.94385844,0.5492399,250
1,0.624784821,0.22960408,0.67640543,0.83653706,0.7190026999999999,0.8218234000000001,0.8598233000000001,0.6167488,0.92076004,0.93455493,0.6552246,0.9277924000000001,0.9194711999999999,0.9810049000000001,0.9357325000000001,0.9504708000000001,0.6282964,251
1,0.585700727,0.51413083,0.7708165,0.74450594,0.6864209,0.79378986,0.8265749,0.64823633,0.92447466,0.94907415,0.7788849,0.9515726000000001,0.94956756,0.9792082000000001,0.9321447,0.9494079,0.63225186,253
1,0.514926195,0.14819087,0.47425136,0.47949359999999996,0.55854636,0.71254724,0.74141264,0.5064539,0.8646969000000001,0.9142056000000001,0.6243196999999999,0.8794641,0.9082378000000001,0.9752914,0.9108769,0.9454886,0.65076023,254
1,0.48600224299999994,0.09422868,0.1647828,0.61997926,0.6200401999999999,0.74561125,0.789867,0.35527554,0.7620745,0.83295715,0.60071677,0.8783409,0.8907867,0.97633255,0.9070303,0.93234116,0.5672756,260
1,0.48520892299999996,0.13830063,0.43382287,0.81378806,0.6984617,0.82449585,0.84650373,0.4615732,0.8332646,0.8824639999999999,0.62175244,0.8690349,0.87357736,0.97809255,0.9096973,0.9287190999999999,0.6449409,261
0,0.38185560700000004,0.04845748,0.4690624,0.30341807,0.42462269999999996,0.5995335999999999,0.64227533,0.45029232,0.82862514,0.88387597,0.5679195,0.8181024,0.87731636,0.96965057,0.8728776,0.9120402,0.52533466,256
1,0.597211301,0.6596238,0.87408537,0.7321751,0.6969658000000001,0.8132173,0.8245958000000001,0.7138564000000001,0.93876326,0.9598009,0.82104725,0.9686193000000001,0.96972847,0.97842777,0.9369593,0.9628104,0.5919429,263
1,0.36266702,0.08838233,0.18972939,0.599861,0.6009649,0.74071395,0.76301795,0.33886036,0.7510352,0.8078932,0.58325857,0.8765019000000001,0.8547242,0.973333,0.88744533,0.9143056,0.5378773,264
1,0.619700837,0.18262564,0.40660605,0.85652936,0.6882571,0.77953464,0.83594185,0.4120362,0.77257824,0.86287326,0.6149509,0.86117506,0.8903553,0.9682423000000001,0.891618,0.93848145,0.47226205,265
1,0.39453225700000005,0.42218643,0.8546386999999999,0.9899165000000001,0.7718981,0.85387856,0.892216,0.6835486999999999,0.93667895,0.95362675,0.75343037,0.95092344,0.94376826,0.97565347,0.9143146999999999,0.93155354,0.60083914,266
1,0.502869228,0.1289802,0.7945809,0.795384,0.72679764,0.82988846,0.8588604999999999,0.66562593,0.93363816,0.95134175,0.62062126,0.9355915000000001,0.9116266,0.9748863999999999,0.9327451999999999,0.94224316,0.5828959,267
0,0.39890033,0.1311338,0.17939754,0.45403463,0.48730509999999994,0.6158475,0.6861496,0.29746467,0.6969614000000001,0.78850347,0.58462965,0.8609686,0.83494896,0.9701082000000001,0.85323083,0.9011965000000001,0.48518193,257
1,0.526218724,0.17995948,0.48913562,0.8061513000000001,0.7100055000000001,0.82401365,0.8383856,0.5133456000000001,0.85876703,0.9036969000000001,0.6334333000000001,0.91025364,0.90030086,0.9790506,0.9192016,0.9439709000000001,0.55706066,269
1,0.5937328789999999,0.16029562,0.62678766,0.5268562,0.52689224,0.6739283,0.76052016,0.56547403,0.8589860999999999,0.87975556,0.63213956,0.8801994000000001,0.9004985000000001,0.96932644,0.9025181999999999,0.92886925,0.5321123000000001,242
1,0.548913729,0.2861797,0.7557999,0.8500284,0.69904613,0.8029755000000001,0.8411476000000001,0.51139694,0.8417752000000001,0.9251135,0.55291826,0.8932082,0.91370505,0.9680595,0.8916398999999999,0.9399837999999999,0.39774266,243
1,0.278886566,0.08481926,0.22749305,0.35224,0.5236369000000001,0.67157596,0.6774134,0.39371508,0.8019630999999999,0.8706838,0.6217746999999999,0.9055924000000001,0.89228123,0.966749,0.8929478999999999,0.8965138000000001,0.524354,258
1,0.469138885,0.15948439,0.5292951,0.8368674,0.69742554,0.80121446,0.84695995,0.5094569999999999,0.8727148000000001,0.9025019,0.6163788,0.89278626,0.90108454,0.9712109,0.89797544,0.9329572,0.5604186999999999,241
1,0.355280506,0.033817272999999995,0.14596753,0.8069395,0.732961,0.8266235999999999,0.8434017,0.3545736,0.7886143,0.84190667,0.5760149999999999,0.9009710999999999,0.88235694,0.97283417,0.9145489,0.92329717,0.5574300999999999,225
1,0.5070014420000001,0.68628836,0.8222831,0.9644611999999999,0.77342254,0.8487709999999999,0.8740686,0.64593405,0.92105937,0.95394444,0.81561446,0.96787816,0.96688956,0.9668582,0.91651773,0.9393735999999999,0.5362256,224
0,0.49324734200000003,0.14717177,0.38269693,0.276916,0.45973408,0.63885695,0.66129357,0.47137335,0.8548290999999999,0.8979756999999999,0.6122310000000001,0.9154542,0.899099,0.96381676,0.9109482,0.93671405,0.5692954000000001,259
1,0.398620865,0.26209757,0.6725091,0.78113514,0.69604224,0.8091669,0.8352475,0.6059916999999999,0.9133065999999999,0.93597203,0.69517654,0.9368985000000001,0.91810554,0.9712851999999998,0.9077245,0.9211710999999999,0.5856836,222
1,0.414593279,0.2182843,0.41003755,0.94993997,0.77728724,0.8519038000000001,0.8885751000000001,0.45821825,0.8561918,0.91990954,0.6537487,0.9256921,0.93514055,0.9653252,0.909558,0.9402041999999999,0.4900134,226
0,0.451763546,0.27659822,0.37616915,0.47235295,0.5438239,0.6646526,0.71425587,0.43422174,0.8241052,0.88780224,0.6698192,0.89698505,0.9052081,0.96971077,0.89351517,0.9207700999999999,0.46706274,240
1,0.619119239,0.28441182,0.88758063,0.7383465,0.6629841999999999,0.80765575,0.82174474,0.69173616,0.938142,0.96118265,0.67415535,0.9109629000000001,0.93433726,0.9691721999999999,0.9234007,0.9541469000000001,0.5703037,230
1,0.457884619,0.17558534,0.56720823,0.97034484,0.7844018,0.8672894,0.8928936,0.5741179,0.8942113000000002,0.9305969000000001,0.65993375,0.9238501,0.91295505,0.9778690000000001,0.9251290999999999,0.9317324,0.5104571,232
1,0.39160674799999995,0.099766105,0.26919904,0.95961535,0.78208655,0.85147816,0.89226234,0.41999084,0.8086512,0.86064494,0.6172167,0.9039709999999999,0.88937235,0.9751555000000001,0.9134018,0.9192014999999999,0.6276507,234
1,0.540757579,0.8223809999999999,0.5203637,0.85582185,0.68608046,0.8092611999999999,0.8404616,0.48720127,0.8790906999999999,0.9023656999999999,0.8514627,0.97380406,0.9634158000000002,0.9726125,0.9208542,0.9317876,0.49368495,235
1,0.584957546,0.5591519,0.8932226999999999,0.94048625,0.7671116,0.85035115,0.87609804,0.7054127,0.9395734,0.9605423000000001,0.80112594,0.9504486999999999,0.9478074000000001,0.98229283,0.9308350000000001,0.94355685,0.56990594,236
0,0.329526569,0.12869959,0.4540948,0.7515708000000001,0.6684336,0.78195816,0.8359299000000001,0.45969415,0.82825196,0.8754484,0.5755286000000001,0.88578844,0.8822334999999999,0.968959,0.86321896,0.92493916,0.5514701999999999,238
0,0.39322092200000003,0.2944412,0.5380166000000001,0.8293374,0.6841541999999999,0.8002363,0.8360112,0.44385037,0.8271379999999999,0.8907224,0.63378364,0.8994072,0.92382133,0.96494794,0.8791667,0.9128832,0.45180792,239
0,0.43957198299999994,0.02509943,0.21821818,0.3695679,0.46863112,0.6065931,0.6725631999999999,0.35951540000000004,0.74163944,0.82248735,0.55129373,0.8270511,0.8681216999999999,0.9487021000000001,0.87227786,0.9310067,0.5187281,275
